1970/01/01,""
1970/01/15,"l̓"
1970/02/11,"LO̓"
1970/03/21,"t̓"
1970/04/29,"Vca"
1970/05/03,"@LO"
1970/05/05,"ǂ̓"
1970/07/20,"C̓"
1970/09/15,"hV̓"
1970/09/23,"H̓"
1970/10/10,"̈̓"
1970/11/03,"̓"
1970/11/23,"ΘJӂ̓"
1971/01/01,""
1971/01/15,"l̓"
1971/02/11,"LO̓"
1971/03/21,"t̓"
1971/04/29,"Vca"
1971/05/03,"@LO"
1971/05/05,"ǂ̓"
1971/07/20,"C̓"
1971/09/15,"hV̓"
1971/09/24,"H̓"
1971/10/10,"̈̓"
1971/11/03,"̓"
1971/11/23,"ΘJӂ̓"
1972/01/01,""
1972/01/15,"l̓"
1972/02/11,"LO̓"
1972/03/20,"t̓"
1972/04/29,"Vca"
1972/05/03,"@LO"
1972/05/05,"ǂ̓"
1972/07/20,"C̓"
1972/09/15,"hV̓"
1972/09/23,"H̓"
1972/10/10,"̈̓"
1972/11/03,"̓"
1972/11/23,"ΘJӂ̓"
1973/01/01,""
1973/01/15,"l̓"
1973/02/11,"LO̓"
1973/02/12,"U֋x"
1973/03/21,"t̓"
1973/04/29,"Vca"
1973/04/30,"U֋x"
1973/05/03,"@LO"
1973/05/05,"ǂ̓"
1973/07/20,"C̓"
1973/09/15,"hV̓"
1973/09/23,"H̓"
1973/09/24,"U֋x"
1973/10/10,"̈̓"
1973/11/03,"̓"
1973/11/23,"ΘJӂ̓"
1974/01/01,""
1974/01/15,"l̓"
1974/02/11,"LO̓"
1974/03/21,"t̓"
1974/04/29,"Vca"
1974/05/03,"@LO"
1974/05/05,"ǂ̓"
1974/05/06,"U֋x"
1974/07/20,"C̓"
1974/09/15,"hV̓"
1974/09/16,"U֋x"
1974/09/23,"H̓"
1974/10/10,"̈̓"
1974/11/03,"̓"
1974/11/04,"U֋x"
1974/11/23,"ΘJӂ̓"
1975/01/01,""
1975/01/15,"l̓"
1975/02/11,"LO̓"
1975/03/21,"t̓"
1975/04/29,"Vca"
1975/05/03,"@LO"
1975/05/05,"ǂ̓"
1975/07/20,"C̓"
1975/07/21,"U֋x"
1975/09/15,"hV̓"
1975/09/24,"H̓"
1975/10/10,"̈̓"
1975/11/03,"̓"
1975/11/23,"ΘJӂ̓"
1975/11/24,"U֋x"
1976/01/01,""
1976/01/15,"l̓"
1976/02/11,"LO̓"
1976/03/20,"t̓"
1976/04/29,"Vca"
1976/05/03,"@LO"
1976/05/05,"ǂ̓"
1976/07/20,"C̓"
1976/09/15,"hV̓"
1976/09/23,"H̓"
1976/10/10,"̈̓"
1976/10/11,"U֋x"
1976/11/03,"̓"
1976/11/23,"ΘJӂ̓"
1977/01/01,""
1977/01/15,"l̓"
1977/02/11,"LO̓"
1977/03/21,"t̓"
1977/04/29,"Vca"
1977/05/03,"@LO"
1977/05/05,"ǂ̓"
1977/07/20,"C̓"
1977/09/15,"hV̓"
1977/09/23,"H̓"
1977/10/10,"̈̓"
1977/11/03,"̓"
1977/11/23,"ΘJӂ̓"
1978/01/01,""
1978/01/02,"U֋x"
1978/01/15,"l̓"
1978/01/16,"U֋x"
1978/02/11,"LO̓"
1978/03/21,"t̓"
1978/04/29,"Vca"
1978/05/03,"@LO"
1978/05/05,"ǂ̓"
1978/07/20,"C̓"
1978/09/15,"hV̓"
1978/09/23,"H̓"
1978/10/10,"̈̓"
1978/11/03,"̓"
1978/11/23,"ΘJӂ̓"
1979/01/01,""
1979/01/15,"l̓"
1979/02/11,"LO̓"
1979/02/12,"U֋x"
1979/03/21,"t̓"
1979/04/29,"Vca"
1979/04/30,"U֋x"
1979/05/03,"@LO"
1979/05/05,"ǂ̓"
1979/07/20,"C̓"
1979/09/15,"hV̓"
1979/09/24,"H̓"
1979/10/10,"̈̓"
1979/11/03,"̓"
1979/11/23,"ΘJӂ̓"
1980/01/01,""
1980/01/15,"l̓"
1980/02/11,"LO̓"
1980/03/20,"t̓"
1980/04/29,"Vca"
1980/05/03,"@LO"
1980/05/05,"ǂ̓"
1980/07/20,"C̓"
1980/07/21,"U֋x"
1980/09/15,"hV̓"
1980/09/23,"H̓"
1980/10/10,"̈̓"
1980/11/03,"̓"
1980/11/23,"ΘJӂ̓"
1980/11/24,"U֋x"
1981/01/01,""
1981/01/15,"l̓"
1981/02/11,"LO̓"
1981/03/21,"t̓"
1981/04/29,"Vca"
1981/05/03,"@LO"
1981/05/04,"U֋x"
1981/05/05,"ǂ̓"
1981/07/20,"C̓"
1981/09/15,"hV̓"
1981/09/23,"H̓"
1981/10/10,"̈̓"
1981/11/03,"̓"
1981/11/23,"ΘJӂ̓"
1982/01/01,""
1982/01/15,"l̓"
1982/02/11,"LO̓"
1982/03/21,"t̓"
1982/03/22,"U֋x"
1982/04/29,"Vca"
1982/05/03,"@LO"
1982/05/05,"ǂ̓"
1982/07/20,"C̓"
1982/09/15,"hV̓"
1982/09/23,"H̓"
1982/10/10,"̈̓"
1982/10/11,"U֋x"
1982/11/03,"̓"
1982/11/23,"ΘJӂ̓"
1983/01/01,""
1983/01/15,"l̓"
1983/02/11,"LO̓"
1983/03/21,"t̓"
1983/04/29,"Vca"
1983/05/03,"@LO"
1983/05/05,"ǂ̓"
1983/07/20,"C̓"
1983/09/15,"hV̓"
1983/09/23,"H̓"
1983/10/10,"̈̓"
1983/11/03,"̓"
1983/11/23,"ΘJӂ̓"
1984/01/01,""
1984/01/02,"U֋x"
1984/01/15,"l̓"
1984/01/16,"U֋x"
1984/02/11,"LO̓"
1984/03/20,"t̓"
1984/04/29,"Vca"
1984/04/30,"U֋x"
1984/05/03,"@LO"
1984/05/05,"ǂ̓"
1984/07/20,"C̓"
1984/09/15,"hV̓"
1984/09/23,"H̓"
1984/09/24,"U֋x"
1984/10/10,"̈̓"
1984/11/03,"̓"
1984/11/23,"ΘJӂ̓"
1985/01/01,""
1985/01/15,"l̓"
1985/02/11,"LO̓"
1985/03/21,"t̓"
1985/04/29,"Vca"
1985/05/03,"@LO"
1985/05/04,"̋x"
1985/05/05,"ǂ̓"
1985/05/06,"U֋x"
1985/07/20,"C̓"
1985/09/15,"hV̓"
1985/09/16,"U֋x"
1985/09/23,"H̓"
1985/10/10,"̈̓"
1985/11/03,"̓"
1985/11/04,"U֋x"
1985/11/23,"ΘJӂ̓"
1986/01/01,""
1986/01/15,"l̓"
1986/02/11,"LO̓"
1986/03/21,"t̓"
1986/04/29,"Vca"
1986/05/03,"@LO"
1986/05/04,"̋x"
1986/05/05,"ǂ̓"
1986/07/20,"C̓"
1986/07/21,"U֋x"
1986/09/15,"hV̓"
1986/09/23,"H̓"
1986/10/10,"̈̓"
1986/11/03,"̓"
1986/11/23,"ΘJӂ̓"
1986/11/24,"U֋x"
1987/01/01,""
1987/01/15,"l̓"
1987/02/11,"LO̓"
1987/03/21,"t̓"
1987/04/29,"Vca"
1987/05/03,"@LO"
1987/05/04,"̋x"
1987/05/05,"ǂ̓"
1987/07/20,"C̓"
1987/09/15,"hV̓"
1987/09/23,"H̓"
1987/10/10,"̈̓"
1987/11/03,"̓"
1987/11/23,"ΘJӂ̓"
1988/01/01,""
1988/01/15,"l̓"
1988/02/11,"LO̓"
1988/03/20,"t̓"
1988/03/21,"U֋x"
1988/04/29,"Vca"
1988/05/03,"@LO"
1988/05/04,"̋x"
1988/05/05,"ǂ̓"
1988/07/20,"C̓"
1988/09/15,"hV̓"
1988/09/23,"H̓"
1988/10/10,"̈̓"
1988/11/03,"̓"
1988/11/23,"ΘJӂ̓"
1989/01/01,""
1989/01/02,"U֋x"
1989/01/15,"l̓"
1989/01/16,"U֋x"
1989/02/11,"LO̓"
1989/02/24,"aVc̑r̗"
1989/03/21,"t̓"
1989/04/29,"݂ǂ̓"
1989/05/03,"@LO"
1989/05/04,"̋x"
1989/05/05,"ǂ̓"
1989/07/20,"C̓"
1989/09/15,"hV̓"
1989/09/23,"H̓"
1989/10/10,"̈̓"
1989/11/03,"̓"
1989/11/23,"ΘJӂ̓"
1989/12/23,"Vca"
1990/01/01,""
1990/01/15,"l̓"
1990/02/11,"LO̓"
1990/02/12,"U֋x"
1990/03/21,"t̓"
1990/04/29,"݂ǂ̓"
1990/04/30,"U֋x"
1990/05/03,"@LO"
1990/05/04,"̋x"
1990/05/05,"ǂ̓"
1990/07/20,"C̓"
1990/09/15,"hV̓"
1990/09/23,"H̓"
1990/09/24,"U֋x"
1990/10/10,"̈̓"
1990/11/03,"̓"
1990/11/12,"ʗ琳a̋V"
1990/11/23,"ΘJӂ̓"
1990/12/23,"Vca"
1990/12/24,"U֋x"
1991/01/01,""
1991/01/15,"l̓"
1991/02/11,"LO̓"
1991/03/21,"t̓"
1991/04/29,"݂ǂ̓"
1991/05/03,"@LO"
1991/05/04,"̋x"
1991/05/05,"ǂ̓"
1991/05/06,"U֋x"
1991/07/20,"C̓"
1991/09/15,"hV̓"
1991/09/16,"U֋x"
1991/09/23,"H̓"
1991/10/10,"̈̓"
1991/11/03,"̓"
1991/11/04,"U֋x"
1991/11/23,"ΘJӂ̓"
1991/12/23,"Vca"
1992/01/01,""
1992/01/15,"l̓"
1992/02/11,"LO̓"
1992/03/20,"t̓"
1992/04/29,"݂ǂ̓"
1992/05/03,"@LO"
1992/05/04,"̋x"
1992/05/05,"ǂ̓"
1992/07/20,"C̓"
1992/09/15,"hV̓"
1992/09/23,"H̓"
1992/10/10,"̈̓"
1992/11/03,"̓"
1992/11/23,"ΘJӂ̓"
1992/12/23,"Vca"
1993/01/01,""
1993/01/15,"l̓"
1993/02/11,"LO̓"
1993/03/20,"t̓"
1993/04/29,"݂ǂ̓"
1993/05/03,"@LO"
1993/05/04,"̋x"
1993/05/05,"ǂ̓"
1993/06/09,"cqmě̋V"
1993/07/20,"C̓"
1993/09/15,"hV̓"
1993/09/23,"H̓"
1993/10/10,"̈̓"
1993/10/11,"U֋x"
1993/11/03,"̓"
1993/11/23,"ΘJӂ̓"
1993/12/23,"Vca"
1994/01/01,""
1994/01/15,"l̓"
1994/02/11,"LO̓"
1994/03/21,"t̓"
1994/04/29,"݂ǂ̓"
1994/05/03,"@LO"
1994/05/04,"̋x"
1994/05/05,"ǂ̓"
1994/07/20,"C̓"
1994/09/15,"hV̓"
1994/09/23,"H̓"
1994/10/10,"̈̓"
1994/11/03,"̓"
1994/11/23,"ΘJӂ̓"
1994/12/23,"Vca"
1995/01/01,""
1995/01/02,"U֋x"
1995/01/15,"l̓"
1995/01/16,"U֋x"
1995/02/11,"LO̓"
1995/03/21,"t̓"
1995/04/29,"݂ǂ̓"
1995/05/03,"@LO"
1995/05/04,"̋x"
1995/05/05,"ǂ̓"
1995/07/20,"C̓"
1995/09/15,"hV̓"
1995/09/23,"H̓"
1995/10/10,"̈̓"
1995/11/03,"̓"
1995/11/23,"ΘJӂ̓"
1995/12/23,"Vca"
1996/01/01,""
1996/01/15,"l̓"
1996/02/11,"LO̓"
1996/02/12,"U֋x"
1996/03/20,"t̓"
1996/04/29,"݂ǂ̓"
1996/05/03,"@LO"
1996/05/04,"̋x"
1996/05/05,"ǂ̓"
1996/05/06,"U֋x"
1996/07/20,"C̓"
1996/09/15,"hV̓"
1996/09/16,"U֋x"
1996/09/23,"H̓"
1996/10/10,"̈̓"
1996/11/03,"̓"
1996/11/04,"U֋x"
1996/11/23,"ΘJӂ̓"
1996/12/23,"Vca"
1997/01/01,""
1997/01/15,"l̓"
1997/02/11,"LO̓"
1997/03/20,"t̓"
1997/04/29,"݂ǂ̓"
1997/05/03,"@LO"
1997/05/04,"̋x"
1997/05/05,"ǂ̓"
1997/07/20,"C̓"
1997/07/21,"U֋x"
1997/09/15,"hV̓"
1997/09/23,"H̓"
1997/10/10,"̈̓"
1997/11/03,"̓"
1997/11/23,"ΘJӂ̓"
1997/11/24,"U֋x"
1997/12/23,"Vca"
1998/01/01,""
1998/01/15,"l̓"
1998/02/11,"LO̓"
1998/03/21,"t̓"
1998/04/29,"݂ǂ̓"
1998/05/03,"@LO"
1998/05/04,"̋x"
1998/05/05,"ǂ̓"
1998/07/20,"C̓"
1998/09/15,"hV̓"
1998/09/23,"H̓"
1998/10/10,"̈̓"
1998/11/03,"̓"
1998/11/23,"ΘJӂ̓"
1998/12/23,"Vca"
1999/01/01,""
1999/01/15,"l̓"
1999/02/11,"LO̓"
1999/03/21,"t̓"
1999/03/22,"U֋x"
1999/04/29,"݂ǂ̓"
1999/05/03,"@LO"
1999/05/04,"̋x"
1999/05/05,"ǂ̓"
1999/07/20,"C̓"
1999/09/15,"hV̓"
1999/09/23,"H̓"
1999/10/10,"̈̓"
1999/10/11,"U֋x"
1999/11/03,"̓"
1999/11/23,"ΘJӂ̓"
1999/12/23,"Vca"
2000/01/01,""
2000/02/11,"LO̓"
2000/03/20,"t̓"
2000/04/29,"݂ǂ̓"
2000/05/03,"@LO"
2000/05/04,"̋x"
2000/05/05,"ǂ̓"
2000/07/20,"C̓"
2000/09/15,"hV̓"
2000/09/23,"H̓"
2000/10/09,"̈̓"
2000/11/03,"̓"
2000/11/23,"ΘJӂ̓"
2000/12/23,"Vca"
2001/01/01,""
2001/02/11,"LO̓"
2001/02/12,"U֋x"
2001/03/20,"t̓"
2001/04/29,"݂ǂ̓"
2001/04/30,"U֋x"
2001/05/03,"@LO"
2001/05/04,"̋x"
2001/05/05,"ǂ̓"
2001/07/20,"C̓"
2001/09/15,"hV̓"
2001/09/23,"H̓"
2001/09/24,"U֋x"
2001/10/08,"̈̓"
2001/11/03,"̓"
2001/11/23,"ΘJӂ̓"
2001/12/23,"Vca"
2001/12/24,"U֋x"
2002/01/01,""
2002/02/11,"LO̓"
2002/03/21,"t̓"
2002/04/29,"݂ǂ̓"
2002/05/03,"@LO"
2002/05/04,"̋x"
2002/05/05,"ǂ̓"
2002/05/06,"U֋x"
2002/07/20,"C̓"
2002/09/15,"hV̓"
2002/09/16,"U֋x"
2002/09/23,"H̓"
2002/10/14,"̈̓"
2002/11/03,"̓"
2002/11/04,"U֋x"
2002/11/23,"ΘJӂ̓"
2002/12/23,"Vca"
2003/01/01,""
2003/02/11,"LO̓"
2003/03/21,"t̓"
2003/04/29,"݂ǂ̓"
2003/05/03,"@LO"
2003/05/04,"̋x"
2003/05/05,"ǂ̓"
2003/07/21,"C̓"
2003/09/15,"hV̓"
2003/09/23,"H̓"
2003/10/13,"̈̓"
2003/11/03,"̓"
2003/11/23,"ΘJӂ̓"
2003/11/24,"U֋x"
2003/12/23,"Vca"
2004/01/01,""
2004/02/11,"LO̓"
2004/03/20,"t̓"
2004/04/29,"݂ǂ̓"
2004/05/03,"@LO"
2004/05/04,"̋x"
2004/05/05,"ǂ̓"
2004/07/19,"C̓"
2004/09/20,"hV̓"
2004/09/23,"H̓"
2004/10/11,"̈̓"
2004/11/03,"̓"
2004/11/23,"ΘJӂ̓"
2004/12/23,"Vca"
2005/01/01,""
2005/02/11,"LO̓"
2005/03/20,"t̓"
2005/03/21,"U֋x"
2005/04/29,"݂ǂ̓"
2005/05/03,"@LO"
2005/05/04,"̋x"
2005/05/05,"ǂ̓"
2005/07/18,"C̓"
2005/09/19,"hV̓"
2005/09/23,"H̓"
2005/10/10,"̈̓"
2005/11/03,"̓"
2005/11/23,"ΘJӂ̓"
2005/12/23,"Vca"
2006/01/01,""
2006/01/02,"U֋x"
2006/02/11,"LO̓"
2006/03/21,"t̓"
2006/04/29,"݂ǂ̓"
2006/05/03,"@LO"
2006/05/04,"̋x"
2006/05/05,"ǂ̓"
2006/07/17,"C̓"
2006/09/18,"hV̓"
2006/09/23,"H̓"
2006/10/09,"̈̓"
2006/11/03,"̓"
2006/11/23,"ΘJӂ̓"
2006/12/23,"Vca"
2007/01/01,""
2007/02/11,"LO̓"
2007/02/12,"U֋x"
2007/03/21,"t̓"
2007/04/29,"a̓"
2007/04/30,"U֋x"
2007/05/03,"@LO"
2007/05/04,"݂ǂ̓"
2007/05/05,"ǂ̓"
2007/07/16,"C̓"
2007/09/17,"hV̓"
2007/09/23,"H̓"
2007/09/24,"U֋x"
2007/10/08,"̈̓"
2007/11/03,"̓"
2007/11/23,"ΘJӂ̓"
2007/12/23,"Vca"
2007/12/24,"U֋x"
2008/01/01,""
2008/02/11,"LO̓"
2008/03/20,"t̓"
2008/04/29,"a̓"
2008/05/03,"@LO"
2008/05/04,"݂ǂ̓"
2008/05/05,"ǂ̓"
2008/05/06,"U֋x"
2008/07/21,"C̓"
2008/09/15,"hV̓"
2008/09/23,"H̓"
2008/10/13,"̈̓"
2008/11/03,"̓"
2008/11/23,"ΘJӂ̓"
2008/11/24,"U֋x"
2008/12/23,"Vca"
2009/01/01,""
2009/02/11,"LO̓"
2009/03/20,"t̓"
2009/04/29,"a̓"
2009/05/03,"@LO"
2009/05/04,"݂ǂ̓"
2009/05/05,"ǂ̓"
2009/05/06,"U֋x"
2009/07/20,"C̓"
2009/09/21,"hV̓"
2009/09/22,"̋x"
2009/09/23,"H̓"
2009/10/12,"̈̓"
2009/11/03,"̓"
2009/11/23,"ΘJӂ̓"
2009/12/23,"Vca"
2010/01/01,""
2010/02/11,"LO̓"
2010/03/21,"t̓"
2010/03/22,"U֋x"
2010/04/29,"a̓"
2010/05/03,"@LO"
2010/05/04,"݂ǂ̓"
2010/05/05,"ǂ̓"
2010/07/19,"C̓"
2010/09/20,"hV̓"
2010/09/23,"H̓"
2010/10/11,"̈̓"
2010/11/03,"̓"
2010/11/23,"ΘJӂ̓"
2010/12/23,"Vca"
2011/01/01,""
2011/02/11,"LO̓"
2011/03/21,"t̓"
2011/04/29,"a̓"
2011/05/03,"@LO"
2011/05/04,"݂ǂ̓"
2011/05/05,"ǂ̓"
2011/07/18,"C̓"
2011/09/19,"hV̓"
2011/09/23,"H̓"
2011/10/10,"̈̓"
2011/11/03,"̓"
2011/11/23,"ΘJӂ̓"
2011/12/23,"Vca"
2012/01/01,""
2012/01/02,"U֋x"
2012/02/11,"LO̓"
2012/03/20,"t̓"
2012/04/29,"a̓"
2012/04/30,"U֋x"
2012/05/03,"@LO"
2012/05/04,"݂ǂ̓"
2012/05/05,"ǂ̓"
2012/07/16,"C̓"
2012/09/17,"hV̓"
2012/09/22,"H̓"
2012/10/08,"̈̓"
2012/11/03,"̓"
2012/11/23,"ΘJӂ̓"
2012/12/23,"Vca"
2012/12/24,"U֋x"
2013/01/01,""
2013/02/11,"LO̓"
2013/03/20,"t̓"
2013/04/29,"a̓"
2013/05/03,"@LO"
2013/05/04,"݂ǂ̓"
2013/05/05,"ǂ̓"
2013/05/06,"U֋x"
2013/07/15,"C̓"
2013/09/16,"hV̓"
2013/09/23,"H̓"
2013/10/14,"̈̓"
2013/11/03,"̓"
2013/11/04,"U֋x"
2013/11/23,"ΘJӂ̓"
2013/12/23,"Vca"
2014/01/01,""
2014/02/11,"LO̓"
2014/03/21,"t̓"
2014/04/29,"a̓"
2014/05/03,"@LO"
2014/05/04,"݂ǂ̓"
2014/05/05,"ǂ̓"
2014/05/06,"U֋x"
2014/07/21,"C̓"
2014/09/15,"hV̓"
2014/09/23,"H̓"
2014/10/13,"̈̓"
2014/11/03,"̓"
2014/11/23,"ΘJӂ̓"
2014/11/24,"U֋x"
2014/12/23,"Vca"
2015/01/01,""
2015/02/11,"LO̓"
2015/03/21,"t̓"
2015/04/29,"a̓"
2015/05/03,"@LO"
2015/05/04,"݂ǂ̓"
2015/05/05,"ǂ̓"
2015/05/06,"U֋x"
2015/07/20,"C̓"
2015/09/21,"hV̓"
2015/09/22,"̋x"
2015/09/23,"H̓"
2015/10/12,"̈̓"
2015/11/03,"̓"
2015/11/23,"ΘJӂ̓"
2015/12/23,"Vca"
2016/01/01,""
2016/02/11,"LO̓"
2016/03/20,"t̓"
2016/03/21,"U֋x"
2016/04/29,"a̓"
2016/05/03,"@LO"
2016/05/04,"݂ǂ̓"
2016/05/05,"ǂ̓"
2016/07/18,"C̓"
2016/08/11,"R̓"
2016/09/19,"hV̓"
2016/09/22,"H̓"
2016/10/10,"̈̓"
2016/11/03,"̓"
2016/11/23,"ΘJӂ̓"
2016/12/23,"Vca"
2017/01/01,""
2017/01/02,"U֋x"
2017/02/11,"LO̓"
2017/03/20,"t̓"
2017/04/29,"a̓"
2017/05/03,"@LO"
2017/05/04,"݂ǂ̓"
2017/05/05,"ǂ̓"
2017/07/17,"C̓"
2017/08/11,"R̓"
2017/09/18,"hV̓"
2017/09/23,"H̓"
2017/10/09,"̈̓"
2017/11/03,"̓"
2017/11/23,"ΘJӂ̓"
2017/12/23,"Vca"
2018/01/01,""
2018/02/11,"LO̓"
2018/02/12,"U֋x"
2018/03/21,"t̓"
2018/04/29,"a̓"
2018/04/30,"U֋x"
2018/05/03,"@LO"
2018/05/04,"݂ǂ̓"
2018/05/05,"ǂ̓"
2018/07/16,"C̓"
2018/08/11,"R̓"
2018/09/17,"hV̓"
2018/09/23,"H̓"
2018/09/24,"U֋x"
2018/10/08,"̈̓"
2018/11/03,"̓"
2018/11/23,"ΘJӂ̓"
2018/12/23,"Vca"
2018/12/24,"U֋x"
2019/01/01,""
2019/02/11,"LO̓"
2019/03/21,"t̓"
2019/04/29,"a̓"
2019/05/03,"@LO"
2019/05/04,"݂ǂ̓"
2019/05/05,"ǂ̓"
2019/05/06,"U֋x"
2019/07/15,"C̓"
2019/08/11,"R̓"
2019/08/12,"U֋x"
2019/09/16,"hV̓"
2019/09/23,"H̓"
2019/10/14,"̈̓"
2019/11/03,"̓"
2019/11/04,"U֋x"
2019/11/23,"ΘJӂ̓"
2019/12/23,"Vca"
2020/01/01,""
2020/02/11,"LO̓"
2020/03/20,"t̓"
2020/04/29,"a̓"
2020/05/03,"@LO"
2020/05/04,"݂ǂ̓"
2020/05/05,"ǂ̓"
2020/05/06,"U֋x"
2020/07/20,"C̓"
2020/08/11,"R̓"
2020/09/21,"hV̓"
2020/09/22,"H̓"
2020/10/12,"̈̓"
2020/11/03,"̓"
2020/11/23,"ΘJӂ̓"
2020/12/23,"Vca"
2021/01/01,""
2021/02/11,"LO̓"
2021/03/20,"t̓"
2021/04/29,"a̓"
2021/05/03,"@LO"
2021/05/04,"݂ǂ̓"
2021/05/05,"ǂ̓"
2021/07/19,"C̓"
2021/08/11,"R̓"
2021/09/20,"hV̓"
2021/09/23,"H̓"
2021/10/11,"̈̓"
2021/11/03,"̓"
2021/11/23,"ΘJӂ̓"
2021/12/23,"Vca"
2022/01/01,""
2022/02/11,"LO̓"
2022/03/21,"t̓"
2022/04/29,"a̓"
2022/05/03,"@LO"
2022/05/04,"݂ǂ̓"
2022/05/05,"ǂ̓"
2022/07/18,"C̓"
2022/08/11,"R̓"
2022/09/19,"hV̓"
2022/09/23,"H̓"
2022/10/10,"̈̓"
2022/11/03,"̓"
2022/11/23,"ΘJӂ̓"
2022/12/23,"Vca"
2023/01/01,""
2023/01/02,"U֋x"
2023/02/11,"LO̓"
2023/03/21,"t̓"
2023/04/29,"a̓"
2023/05/03,"@LO"
2023/05/04,"݂ǂ̓"
2023/05/05,"ǂ̓"
2023/07/17,"C̓"
2023/08/11,"R̓"
2023/09/18,"hV̓"
2023/09/23,"H̓"
2023/10/09,"̈̓"
2023/11/03,"̓"
2023/11/23,"ΘJӂ̓"
2023/12/23,"Vca"
2024/01/01,""
2024/02/11,"LO̓"
2024/02/12,"U֋x"
2024/03/20,"t̓"
2024/04/29,"a̓"
2024/05/03,"@LO"
2024/05/04,"݂ǂ̓"
2024/05/05,"ǂ̓"
2024/05/06,"U֋x"
2024/07/15,"C̓"
2024/08/11,"R̓"
2024/08/12,"U֋x"
2024/09/16,"hV̓"
2024/09/22,"H̓"
2024/09/23,"U֋x"
2024/10/14,"̈̓"
2024/11/03,"̓"
2024/11/04,"U֋x"
2024/11/23,"ΘJӂ̓"
2024/12/23,"Vca"
2025/01/01,""
2025/02/11,"LO̓"
2025/03/20,"t̓"
2025/04/29,"a̓"
2025/05/03,"@LO"
2025/05/04,"݂ǂ̓"
2025/05/05,"ǂ̓"
2025/05/06,"U֋x"
2025/07/21,"C̓"
2025/08/11,"R̓"
2025/09/15,"hV̓"
2025/09/23,"H̓"
2025/10/13,"̈̓"
2025/11/03,"̓"
2025/11/23,"ΘJӂ̓"
2025/11/24,"U֋x"
2025/12/23,"Vca"
2026/01/01,""
2026/02/11,"LO̓"
2026/03/20,"t̓"
2026/04/29,"a̓"
2026/05/03,"@LO"
2026/05/04,"݂ǂ̓"
2026/05/05,"ǂ̓"
2026/05/06,"U֋x"
2026/07/20,"C̓"
2026/08/11,"R̓"
2026/09/21,"hV̓"
2026/09/22,"̋x"
2026/09/23,"H̓"
2026/10/12,"̈̓"
2026/11/03,"̓"
2026/11/23,"ΘJӂ̓"
2026/12/23,"Vca"
2027/01/01,""
2027/02/11,"LO̓"
2027/03/21,"t̓"
2027/03/22,"U֋x"
2027/04/29,"a̓"
2027/05/03,"@LO"
2027/05/04,"݂ǂ̓"
2027/05/05,"ǂ̓"
2027/07/19,"C̓"
2027/08/11,"R̓"
2027/09/20,"hV̓"
2027/09/23,"H̓"
2027/10/11,"̈̓"
2027/11/03,"̓"
2027/11/23,"ΘJӂ̓"
2027/12/23,"Vca"
2028/01/01,""
2028/02/11,"LO̓"
2028/03/20,"t̓"
2028/04/29,"a̓"
2028/05/03,"@LO"
2028/05/04,"݂ǂ̓"
2028/05/05,"ǂ̓"
2028/07/17,"C̓"
2028/08/11,"R̓"
2028/09/18,"hV̓"
2028/09/22,"H̓"
2028/10/09,"̈̓"
2028/11/03,"̓"
2028/11/23,"ΘJӂ̓"
2028/12/23,"Vca"
2029/01/01,""
2029/02/11,"LO̓"
2029/02/12,"U֋x"
2029/03/20,"t̓"
2029/04/29,"a̓"
2029/04/30,"U֋x"
2029/05/03,"@LO"
2029/05/04,"݂ǂ̓"
2029/05/05,"ǂ̓"
2029/07/16,"C̓"
2029/08/11,"R̓"
2029/09/17,"hV̓"
2029/09/23,"H̓"
2029/09/24,"U֋x"
2029/10/08,"̈̓"
2029/11/03,"̓"
2029/11/23,"ΘJӂ̓"
2029/12/23,"Vca"
2029/12/24,"U֋x"
2030/01/01,""
2030/02/11,"LO̓"
2030/03/20,"t̓"
2030/04/29,"a̓"
2030/05/03,"@LO"
2030/05/04,"݂ǂ̓"
2030/05/05,"ǂ̓"
2030/05/06,"U֋x"
2030/07/15,"C̓"
2030/08/11,"R̓"
2030/08/12,"U֋x"
2030/09/16,"hV̓"
2030/09/23,"H̓"
2030/10/14,"̈̓"
2030/11/03,"̓"
2030/11/04,"U֋x"
2030/11/23,"ΘJӂ̓"
2030/12/23,"Vca"
2031/01/01,""
2031/02/11,"LO̓"
2031/03/21,"t̓"
2031/04/29,"a̓"
2031/05/03,"@LO"
2031/05/04,"݂ǂ̓"
2031/05/05,"ǂ̓"
2031/05/06,"U֋x"
2031/07/21,"C̓"
2031/08/11,"R̓"
2031/09/15,"hV̓"
2031/09/23,"H̓"
2031/10/13,"̈̓"
2031/11/03,"̓"
2031/11/23,"ΘJӂ̓"
2031/11/24,"U֋x"
2031/12/23,"Vca"
2032/01/01,""
2032/02/11,"LO̓"
2032/03/20,"t̓"
2032/04/29,"a̓"
2032/05/03,"@LO"
2032/05/04,"݂ǂ̓"
2032/05/05,"ǂ̓"
2032/07/19,"C̓"
2032/08/11,"R̓"
2032/09/20,"hV̓"
2032/09/21,"̋x"
2032/09/22,"H̓"
2032/10/11,"̈̓"
2032/11/03,"̓"
2032/11/23,"ΘJӂ̓"
2032/12/23,"Vca"
2033/01/01,""
2033/02/11,"LO̓"
2033/03/20,"t̓"
2033/03/21,"U֋x"
2033/04/29,"a̓"
2033/05/03,"@LO"
2033/05/04,"݂ǂ̓"
2033/05/05,"ǂ̓"
2033/07/18,"C̓"
2033/08/11,"R̓"
2033/09/19,"hV̓"
2033/09/23,"H̓"
2033/10/10,"̈̓"
2033/11/03,"̓"
2033/11/23,"ΘJӂ̓"
2033/12/23,"Vca"
2034/01/01,""
2034/01/02,"U֋x"
2034/02/11,"LO̓"
2034/03/20,"t̓"
2034/04/29,"a̓"
2034/05/03,"@LO"
2034/05/04,"݂ǂ̓"
2034/05/05,"ǂ̓"
2034/07/17,"C̓"
2034/08/11,"R̓"
2034/09/18,"hV̓"
2034/09/23,"H̓"
2034/10/09,"̈̓"
2034/11/03,"̓"
2034/11/23,"ΘJӂ̓"
2034/12/23,"Vca"
2035/01/01,""
2035/02/11,"LO̓"
2035/02/12,"U֋x"
2035/03/21,"t̓"
2035/04/29,"a̓"
2035/04/30,"U֋x"
2035/05/03,"@LO"
2035/05/04,"݂ǂ̓"
2035/05/05,"ǂ̓"
2035/07/16,"C̓"
2035/08/11,"R̓"
2035/09/17,"hV̓"
2035/09/23,"H̓"
2035/09/24,"U֋x"
2035/10/08,"̈̓"
2035/11/03,"̓"
2035/11/23,"ΘJӂ̓"
2035/12/23,"Vca"
2035/12/24,"U֋x"
2036/01/01,""
2036/02/11,"LO̓"
2036/03/20,"t̓"
2036/04/29,"a̓"
2036/05/03,"@LO"
2036/05/04,"݂ǂ̓"
2036/05/05,"ǂ̓"
2036/05/06,"U֋x"
2036/07/21,"C̓"
2036/08/11,"R̓"
2036/09/15,"hV̓"
2036/09/22,"H̓"
2036/10/13,"̈̓"
2036/11/03,"̓"
2036/11/23,"ΘJӂ̓"
2036/11/24,"U֋x"
2036/12/23,"Vca"
2037/01/01,""
2037/02/11,"LO̓"
2037/03/20,"t̓"
2037/04/29,"a̓"
2037/05/03,"@LO"
2037/05/04,"݂ǂ̓"
2037/05/05,"ǂ̓"
2037/05/06,"U֋x"
2037/07/20,"C̓"
2037/08/11,"R̓"
2037/09/21,"hV̓"
2037/09/22,"̋x"
2037/09/23,"H̓"
2037/10/12,"̈̓"
2037/11/03,"̓"
2037/11/23,"ΘJӂ̓"
2037/12/23,"Vca"
2038/01/01,""
2038/02/11,"LO̓"
2038/03/20,"t̓"
2038/04/29,"a̓"
2038/05/03,"@LO"
2038/05/04,"݂ǂ̓"
2038/05/05,"ǂ̓"
2038/07/19,"C̓"
2038/08/11,"R̓"
2038/09/20,"hV̓"
2038/09/23,"H̓"
2038/10/11,"̈̓"
2038/11/03,"̓"
2038/11/23,"ΘJӂ̓"
2038/12/23,"Vca"
2039/01/01,""
2039/02/11,"LO̓"
2039/03/21,"t̓"
2039/04/29,"a̓"
2039/05/03,"@LO"
2039/05/04,"݂ǂ̓"
2039/05/05,"ǂ̓"
2039/07/18,"C̓"
2039/08/11,"R̓"
2039/09/19,"hV̓"
2039/09/23,"H̓"
2039/10/10,"̈̓"
2039/11/03,"̓"
2039/11/23,"ΘJӂ̓"
2039/12/23,"Vca"
2040/01/01,""
2040/01/02,"U֋x"
2040/02/11,"LO̓"
2040/03/20,"t̓"
2040/04/29,"a̓"
2040/04/30,"U֋x"
2040/05/03,"@LO"
2040/05/04,"݂ǂ̓"
2040/05/05,"ǂ̓"
2040/07/16,"C̓"
2040/08/11,"R̓"
2040/09/17,"hV̓"
2040/09/22,"H̓"
2040/10/08,"̈̓"
2040/11/03,"̓"
2040/11/23,"ΘJӂ̓"
2040/12/23,"Vca"
2040/12/24,"U֋x"
2041/01/01,""
2041/02/11,"LO̓"
2041/03/20,"t̓"
2041/04/29,"a̓"
2041/05/03,"@LO"
2041/05/04,"݂ǂ̓"
2041/05/05,"ǂ̓"
2041/05/06,"U֋x"
2041/07/15,"C̓"
2041/08/11,"R̓"
2041/08/12,"U֋x"
2041/09/16,"hV̓"
2041/09/23,"H̓"
2041/10/14,"̈̓"
2041/11/03,"̓"
2041/11/04,"U֋x"
2041/11/23,"ΘJӂ̓"
2041/12/23,"Vca"
2042/01/01,""
2042/02/11,"LO̓"
2042/03/20,"t̓"
2042/04/29,"a̓"
2042/05/03,"@LO"
2042/05/04,"݂ǂ̓"
2042/05/05,"ǂ̓"
2042/05/06,"U֋x"
2042/07/21,"C̓"
2042/08/11,"R̓"
2042/09/15,"hV̓"
2042/09/23,"H̓"
2042/10/13,"̈̓"
2042/11/03,"̓"
2042/11/23,"ΘJӂ̓"
2042/11/24,"U֋x"
2042/12/23,"Vca"
2043/01/01,""
2043/02/11,"LO̓"
2043/03/21,"t̓"
2043/04/29,"a̓"
2043/05/03,"@LO"
2043/05/04,"݂ǂ̓"
2043/05/05,"ǂ̓"
2043/05/06,"U֋x"
2043/07/20,"C̓"
2043/08/11,"R̓"
2043/09/21,"hV̓"
2043/09/22,"̋x"
2043/09/23,"H̓"
2043/10/12,"̈̓"
2043/11/03,"̓"
2043/11/23,"ΘJӂ̓"
2043/12/23,"Vca"
2044/01/01,""
2044/02/11,"LO̓"
2044/03/20,"t̓"
2044/03/21,"U֋x"
2044/04/29,"a̓"
2044/05/03,"@LO"
2044/05/04,"݂ǂ̓"
2044/05/05,"ǂ̓"
2044/07/18,"C̓"
2044/08/11,"R̓"
2044/09/19,"hV̓"
2044/09/22,"H̓"
2044/10/10,"̈̓"
2044/11/03,"̓"
2044/11/23,"ΘJӂ̓"
2044/12/23,"Vca"
2045/01/01,""
2045/01/02,"U֋x"
2045/02/11,"LO̓"
2045/03/20,"t̓"
2045/04/29,"a̓"
2045/05/03,"@LO"
2045/05/04,"݂ǂ̓"
2045/05/05,"ǂ̓"
2045/07/17,"C̓"
2045/08/11,"R̓"
2045/09/18,"hV̓"
2045/09/22,"H̓"
2045/10/09,"̈̓"
2045/11/03,"̓"
2045/11/23,"ΘJӂ̓"
2045/12/23,"Vca"
2046/01/01,""
2046/02/11,"LO̓"
2046/02/12,"U֋x"
2046/03/20,"t̓"
2046/04/29,"a̓"
2046/04/30,"U֋x"
2046/05/03,"@LO"
2046/05/04,"݂ǂ̓"
2046/05/05,"ǂ̓"
2046/07/16,"C̓"
2046/08/11,"R̓"
2046/09/17,"hV̓"
2046/09/23,"H̓"
2046/09/24,"U֋x"
2046/10/08,"̈̓"
2046/11/03,"̓"
2046/11/23,"ΘJӂ̓"
2046/12/23,"Vca"
2046/12/24,"U֋x"
2047/01/01,""
2047/02/11,"LO̓"
2047/03/21,"t̓"
2047/04/29,"a̓"
2047/05/03,"@LO"
2047/05/04,"݂ǂ̓"
2047/05/05,"ǂ̓"
2047/05/06,"U֋x"
2047/07/15,"C̓"
2047/08/11,"R̓"
2047/08/12,"U֋x"
2047/09/16,"hV̓"
2047/09/23,"H̓"
2047/10/14,"̈̓"
2047/11/03,"̓"
2047/11/04,"U֋x"
2047/11/23,"ΘJӂ̓"
2047/12/23,"Vca"
2048/01/01,""
2048/02/11,"LO̓"
2048/03/20,"t̓"
2048/04/29,"a̓"
2048/05/03,"@LO"
2048/05/04,"݂ǂ̓"
2048/05/05,"ǂ̓"
2048/05/06,"U֋x"
2048/07/20,"C̓"
2048/08/11,"R̓"
2048/09/21,"hV̓"
2048/09/22,"H̓"
2048/10/12,"̈̓"
2048/11/03,"̓"
2048/11/23,"ΘJӂ̓"
2048/12/23,"Vca"
2049/01/01,""
2049/02/11,"LO̓"
2049/03/20,"t̓"
2049/04/29,"a̓"
2049/05/03,"@LO"
2049/05/04,"݂ǂ̓"
2049/05/05,"ǂ̓"
2049/07/19,"C̓"
2049/08/11,"R̓"
2049/09/20,"hV̓"
2049/09/21,"̋x"
2049/09/22,"H̓"
2049/10/11,"̈̓"
2049/11/03,"̓"
2049/11/23,"ΘJӂ̓"
2049/12/23,"Vca"
2050/01/01,""
2050/02/11,"LO̓"
2050/03/20,"t̓"
2050/03/21,"U֋x"
2050/04/29,"a̓"
2050/05/03,"@LO"
2050/05/04,"݂ǂ̓"
2050/05/05,"ǂ̓"
2050/07/18,"C̓"
2050/08/11,"R̓"
2050/09/19,"hV̓"
2050/09/23,"H̓"
2050/10/10,"̈̓"
2050/11/03,"̓"
2050/11/23,"ΘJӂ̓"
2050/12/23,"Vca"
2051/01/01,""
2051/01/02,"U֋x"
2051/02/11,"LO̓"
2051/03/21,"t̓"
2051/04/29,"a̓"
2051/05/03,"@LO"
2051/05/04,"݂ǂ̓"
2051/05/05,"ǂ̓"
2051/07/17,"C̓"
2051/08/11,"R̓"
2051/09/18,"hV̓"
2051/09/23,"H̓"
2051/10/09,"̈̓"
2051/11/03,"̓"
2051/11/23,"ΘJӂ̓"
2051/12/23,"Vca"
2052/01/01,""
2052/02/11,"LO̓"
2052/02/12,"U֋x"
2052/03/20,"t̓"
2052/04/29,"a̓"
2052/05/03,"@LO"
2052/05/04,"݂ǂ̓"
2052/05/05,"ǂ̓"
2052/05/06,"U֋x"
2052/07/15,"C̓"
2052/08/11,"R̓"
2052/08/12,"U֋x"
2052/09/16,"hV̓"
2052/09/22,"H̓"
2052/09/23,"U֋x"
2052/10/14,"̈̓"
2052/11/03,"̓"
2052/11/04,"U֋x"
2052/11/23,"ΘJӂ̓"
2052/12/23,"Vca"
2053/01/01,""
2053/02/11,"LO̓"
2053/03/20,"t̓"
2053/04/29,"a̓"
2053/05/03,"@LO"
2053/05/04,"݂ǂ̓"
2053/05/05,"ǂ̓"
2053/05/06,"U֋x"
2053/07/21,"C̓"
2053/08/11,"R̓"
2053/09/15,"hV̓"
2053/09/22,"H̓"
2053/10/13,"̈̓"
2053/11/03,"̓"
2053/11/23,"ΘJӂ̓"
2053/11/24,"U֋x"
2053/12/23,"Vca"
2054/01/01,""
2054/02/11,"LO̓"
2054/03/20,"t̓"
2054/04/29,"a̓"
2054/05/03,"@LO"
2054/05/04,"݂ǂ̓"
2054/05/05,"ǂ̓"
2054/05/06,"U֋x"
2054/07/20,"C̓"
2054/08/11,"R̓"
2054/09/21,"hV̓"
2054/09/22,"̋x"
2054/09/23,"H̓"
2054/10/12,"̈̓"
2054/11/03,"̓"
2054/11/23,"ΘJӂ̓"
2054/12/23,"Vca"
2055/01/01,""
2055/02/11,"LO̓"
2055/03/21,"t̓"
2055/03/22,"U֋x"
2055/04/29,"a̓"
2055/05/03,"@LO"
2055/05/04,"݂ǂ̓"
2055/05/05,"ǂ̓"
2055/07/19,"C̓"
2055/08/11,"R̓"
2055/09/20,"hV̓"
2055/09/23,"H̓"
2055/10/11,"̈̓"
2055/11/03,"̓"
2055/11/23,"ΘJӂ̓"
2055/12/23,"Vca"
2056/01/01,""
2056/02/11,"LO̓"
2056/03/20,"t̓"
2056/04/29,"a̓"
2056/05/03,"@LO"
2056/05/04,"݂ǂ̓"
2056/05/05,"ǂ̓"
2056/07/17,"C̓"
2056/08/11,"R̓"
2056/09/18,"hV̓"
2056/09/22,"H̓"
2056/10/09,"̈̓"
2056/11/03,"̓"
2056/11/23,"ΘJӂ̓"
2056/12/23,"Vca"
2057/01/01,""
2057/02/11,"LO̓"
2057/02/12,"U֋x"
2057/03/20,"t̓"
2057/04/29,"a̓"
2057/04/30,"U֋x"
2057/05/03,"@LO"
2057/05/04,"݂ǂ̓"
2057/05/05,"ǂ̓"
2057/07/16,"C̓"
2057/08/11,"R̓"
2057/09/17,"hV̓"
2057/09/22,"H̓"
2057/10/08,"̈̓"
2057/11/03,"̓"
2057/11/23,"ΘJӂ̓"
2057/12/23,"Vca"
2057/12/24,"U֋x"
2058/01/01,""
2058/02/11,"LO̓"
2058/03/20,"t̓"
2058/04/29,"a̓"
2058/05/03,"@LO"
2058/05/04,"݂ǂ̓"
2058/05/05,"ǂ̓"
2058/05/06,"U֋x"
2058/07/15,"C̓"
2058/08/11,"R̓"
2058/08/12,"U֋x"
2058/09/16,"hV̓"
2058/09/23,"H̓"
2058/10/14,"̈̓"
2058/11/03,"̓"
2058/11/04,"U֋x"
2058/11/23,"ΘJӂ̓"
2058/12/23,"Vca"
2059/01/01,""
2059/02/11,"LO̓"
2059/03/20,"t̓"
2059/04/29,"a̓"
2059/05/03,"@LO"
2059/05/04,"݂ǂ̓"
2059/05/05,"ǂ̓"
2059/05/06,"U֋x"
2059/07/21,"C̓"
2059/08/11,"R̓"
2059/09/15,"hV̓"
2059/09/23,"H̓"
2059/10/13,"̈̓"
2059/11/03,"̓"
2059/11/23,"ΘJӂ̓"
2059/11/24,"U֋x"
2059/12/23,"Vca"
2060/01/01,""
2060/02/11,"LO̓"
2060/03/20,"t̓"
2060/04/29,"a̓"
2060/05/03,"@LO"
2060/05/04,"݂ǂ̓"
2060/05/05,"ǂ̓"
2060/07/19,"C̓"
2060/08/11,"R̓"
2060/09/20,"hV̓"
2060/09/21,"̋x"
2060/09/22,"H̓"
2060/10/11,"̈̓"
2060/11/03,"̓"
2060/11/23,"ΘJӂ̓"
2060/12/23,"Vca"
2061/01/01,""
2061/02/11,"LO̓"
2061/03/20,"t̓"
2061/03/21,"U֋x"
2061/04/29,"a̓"
2061/05/03,"@LO"
2061/05/04,"݂ǂ̓"
2061/05/05,"ǂ̓"
2061/07/18,"C̓"
2061/08/11,"R̓"
2061/09/19,"hV̓"
2061/09/22,"H̓"
2061/10/10,"̈̓"
2061/11/03,"̓"
2061/11/23,"ΘJӂ̓"
2061/12/23,"Vca"
2062/01/01,""
2062/01/02,"U֋x"
2062/02/11,"LO̓"
2062/03/20,"t̓"
2062/04/29,"a̓"
2062/05/03,"@LO"
2062/05/04,"݂ǂ̓"
2062/05/05,"ǂ̓"
2062/07/17,"C̓"
2062/08/11,"R̓"
2062/09/18,"hV̓"
2062/09/23,"H̓"
2062/10/09,"̈̓"
2062/11/03,"̓"
2062/11/23,"ΘJӂ̓"
2062/12/23,"Vca"
2063/01/01,""
2063/02/11,"LO̓"
2063/02/12,"U֋x"
2063/03/20,"t̓"
2063/04/29,"a̓"
2063/04/30,"U֋x"
2063/05/03,"@LO"
2063/05/04,"݂ǂ̓"
2063/05/05,"ǂ̓"
2063/07/16,"C̓"
2063/08/11,"R̓"
2063/09/17,"hV̓"
2063/09/23,"H̓"
2063/09/24,"U֋x"
2063/10/08,"̈̓"
2063/11/03,"̓"
2063/11/23,"ΘJӂ̓"
2063/12/23,"Vca"
2063/12/24,"U֋x"
2064/01/01,""
2064/02/11,"LO̓"
2064/03/20,"t̓"
2064/04/29,"a̓"
2064/05/03,"@LO"
2064/05/04,"݂ǂ̓"
2064/05/05,"ǂ̓"
2064/05/06,"U֋x"
2064/07/21,"C̓"
2064/08/11,"R̓"
2064/09/15,"hV̓"
2064/09/22,"H̓"
2064/10/13,"̈̓"
2064/11/03,"̓"
2064/11/23,"ΘJӂ̓"
2064/11/24,"U֋x"
2064/12/23,"Vca"
2065/01/01,""
2065/02/11,"LO̓"
2065/03/20,"t̓"
2065/04/29,"a̓"
2065/05/03,"@LO"
2065/05/04,"݂ǂ̓"
2065/05/05,"ǂ̓"
2065/05/06,"U֋x"
2065/07/20,"C̓"
2065/08/11,"R̓"
2065/09/21,"hV̓"
2065/09/22,"H̓"
2065/10/12,"̈̓"
2065/11/03,"̓"
2065/11/23,"ΘJӂ̓"
2065/12/23,"Vca"
2066/01/01,""
2066/02/11,"LO̓"
2066/03/20,"t̓"
2066/04/29,"a̓"
2066/05/03,"@LO"
2066/05/04,"݂ǂ̓"
2066/05/05,"ǂ̓"
2066/07/19,"C̓"
2066/08/11,"R̓"
2066/09/20,"hV̓"
2066/09/23,"H̓"
2066/10/11,"̈̓"
2066/11/03,"̓"
2066/11/23,"ΘJӂ̓"
2066/12/23,"Vca"
2067/01/01,""
2067/02/11,"LO̓"
2067/03/20,"t̓"
2067/03/21,"U֋x"
2067/04/29,"a̓"
2067/05/03,"@LO"
2067/05/04,"݂ǂ̓"
2067/05/05,"ǂ̓"
2067/07/18,"C̓"
2067/08/11,"R̓"
2067/09/19,"hV̓"
2067/09/23,"H̓"
2067/10/10,"̈̓"
2067/11/03,"̓"
2067/11/23,"ΘJӂ̓"
2067/12/23,"Vca"
2068/01/01,""
2068/01/02,"U֋x"
2068/02/11,"LO̓"
2068/03/20,"t̓"
2068/04/29,"a̓"
2068/04/30,"U֋x"
2068/05/03,"@LO"
2068/05/04,"݂ǂ̓"
2068/05/05,"ǂ̓"
2068/07/16,"C̓"
2068/08/11,"R̓"
2068/09/17,"hV̓"
2068/09/22,"H̓"
2068/10/08,"̈̓"
2068/11/03,"̓"
2068/11/23,"ΘJӂ̓"
2068/12/23,"Vca"
2068/12/24,"U֋x"
2069/01/01,""
2069/02/11,"LO̓"
2069/03/20,"t̓"
2069/04/29,"a̓"
2069/05/03,"@LO"
2069/05/04,"݂ǂ̓"
2069/05/05,"ǂ̓"
2069/05/06,"U֋x"
2069/07/15,"C̓"
2069/08/11,"R̓"
2069/08/12,"U֋x"
2069/09/16,"hV̓"
2069/09/22,"H̓"
2069/09/23,"U֋x"
2069/10/14,"̈̓"
2069/11/03,"̓"
2069/11/04,"U֋x"
2069/11/23,"ΘJӂ̓"
2069/12/23,"Vca"
2070/01/01,""
2070/02/11,"LO̓"
2070/03/20,"t̓"
2070/04/29,"a̓"
2070/05/03,"@LO"
2070/05/04,"݂ǂ̓"
2070/05/05,"ǂ̓"
2070/05/06,"U֋x"
2070/07/21,"C̓"
2070/08/11,"R̓"
2070/09/15,"hV̓"
2070/09/23,"H̓"
2070/10/13,"̈̓"
2070/11/03,"̓"
2070/11/23,"ΘJӂ̓"
2070/11/24,"U֋x"
2070/12/23,"Vca"
2071/01/01,""
2071/02/11,"LO̓"
2071/03/20,"t̓"
2071/04/29,"a̓"
2071/05/03,"@LO"
2071/05/04,"݂ǂ̓"
2071/05/05,"ǂ̓"
2071/05/06,"U֋x"
2071/07/20,"C̓"
2071/08/11,"R̓"
2071/09/21,"hV̓"
2071/09/22,"̋x"
2071/09/23,"H̓"
2071/10/12,"̈̓"
2071/11/03,"̓"
2071/11/23,"ΘJӂ̓"
2071/12/23,"Vca"
2072/01/01,""
2072/02/11,"LO̓"
2072/03/20,"t̓"
2072/03/21,"U֋x"
2072/04/29,"a̓"
2072/05/03,"@LO"
2072/05/04,"݂ǂ̓"
2072/05/05,"ǂ̓"
2072/07/18,"C̓"
2072/08/11,"R̓"
2072/09/19,"hV̓"
2072/09/22,"H̓"
2072/10/10,"̈̓"
2072/11/03,"̓"
2072/11/23,"ΘJӂ̓"
2072/12/23,"Vca"
2073/01/01,""
2073/01/02,"U֋x"
2073/02/11,"LO̓"
2073/03/20,"t̓"
2073/04/29,"a̓"
2073/05/03,"@LO"
2073/05/04,"݂ǂ̓"
2073/05/05,"ǂ̓"
2073/07/17,"C̓"
2073/08/11,"R̓"
2073/09/18,"hV̓"
2073/09/22,"H̓"
2073/10/09,"̈̓"
2073/11/03,"̓"
2073/11/23,"ΘJӂ̓"
2073/12/23,"Vca"
2074/01/01,""
2074/02/11,"LO̓"
2074/02/12,"U֋x"
2074/03/20,"t̓"
2074/04/29,"a̓"
2074/04/30,"U֋x"
2074/05/03,"@LO"
2074/05/04,"݂ǂ̓"
2074/05/05,"ǂ̓"
2074/07/16,"C̓"
2074/08/11,"R̓"
2074/09/17,"hV̓"
2074/09/23,"H̓"
2074/09/24,"U֋x"
2074/10/08,"̈̓"
2074/11/03,"̓"
2074/11/23,"ΘJӂ̓"
2074/12/23,"Vca"
2074/12/24,"U֋x"
2075/01/01,""
2075/02/11,"LO̓"
2075/03/20,"t̓"
2075/04/29,"a̓"
2075/05/03,"@LO"
2075/05/04,"݂ǂ̓"
2075/05/05,"ǂ̓"
2075/05/06,"U֋x"
2075/07/15,"C̓"
2075/08/11,"R̓"
2075/08/12,"U֋x"
2075/09/16,"hV̓"
2075/09/23,"H̓"
2075/10/14,"̈̓"
2075/11/03,"̓"
2075/11/04,"U֋x"
2075/11/23,"ΘJӂ̓"
2075/12/23,"Vca"
2076/01/01,""
2076/02/11,"LO̓"
2076/03/20,"t̓"
2076/04/29,"a̓"
2076/05/03,"@LO"
2076/05/04,"݂ǂ̓"
2076/05/05,"ǂ̓"
2076/05/06,"U֋x"
2076/07/20,"C̓"
2076/08/11,"R̓"
2076/09/21,"hV̓"
2076/09/22,"H̓"
2076/10/12,"̈̓"
2076/11/03,"̓"
2076/11/23,"ΘJӂ̓"
2076/12/23,"Vca"
2077/01/01,""
2077/02/11,"LO̓"
2077/03/20,"t̓"
2077/04/29,"a̓"
2077/05/03,"@LO"
2077/05/04,"݂ǂ̓"
2077/05/05,"ǂ̓"
2077/07/19,"C̓"
2077/08/11,"R̓"
2077/09/20,"hV̓"
2077/09/21,"̋x"
2077/09/22,"H̓"
2077/10/11,"̈̓"
2077/11/03,"̓"
2077/11/23,"ΘJӂ̓"
2077/12/23,"Vca"
2078/01/01,""
2078/02/11,"LO̓"
2078/03/20,"t̓"
2078/03/21,"U֋x"
2078/04/29,"a̓"
2078/05/03,"@LO"
2078/05/04,"݂ǂ̓"
2078/05/05,"ǂ̓"
2078/07/18,"C̓"
2078/08/11,"R̓"
2078/09/19,"hV̓"
2078/09/22,"H̓"
2078/10/10,"̈̓"
2078/11/03,"̓"
2078/11/23,"ΘJӂ̓"
2078/12/23,"Vca"
2079/01/01,""
2079/01/02,"U֋x"
2079/02/11,"LO̓"
2079/03/20,"t̓"
2079/04/29,"a̓"
2079/05/03,"@LO"
2079/05/04,"݂ǂ̓"
2079/05/05,"ǂ̓"
2079/07/17,"C̓"
2079/08/11,"R̓"
2079/09/18,"hV̓"
2079/09/23,"H̓"
2079/10/09,"̈̓"
2079/11/03,"̓"
2079/11/23,"ΘJӂ̓"
2079/12/23,"Vca"
2080/01/01,""
2080/02/11,"LO̓"
2080/02/12,"U֋x"
2080/03/20,"t̓"
2080/04/29,"a̓"
2080/05/03,"@LO"
2080/05/04,"݂ǂ̓"
2080/05/05,"ǂ̓"
2080/05/06,"U֋x"
2080/07/15,"C̓"
2080/08/11,"R̓"
2080/08/12,"U֋x"
2080/09/16,"hV̓"
2080/09/22,"H̓"
2080/09/23,"U֋x"
2080/10/14,"̈̓"
2080/11/03,"̓"
2080/11/04,"U֋x"
2080/11/23,"ΘJӂ̓"
2080/12/23,"Vca"
2081/01/01,""
2081/02/11,"LO̓"
2081/03/20,"t̓"
2081/04/29,"a̓"
2081/05/03,"@LO"
2081/05/04,"݂ǂ̓"
2081/05/05,"ǂ̓"
2081/05/06,"U֋x"
2081/07/21,"C̓"
2081/08/11,"R̓"
2081/09/15,"hV̓"
2081/09/22,"H̓"
2081/10/13,"̈̓"
2081/11/03,"̓"
2081/11/23,"ΘJӂ̓"
2081/11/24,"U֋x"
2081/12/23,"Vca"
2082/01/01,""
2082/02/11,"LO̓"
2082/03/20,"t̓"
2082/04/29,"a̓"
2082/05/03,"@LO"
2082/05/04,"݂ǂ̓"
2082/05/05,"ǂ̓"
2082/05/06,"U֋x"
2082/07/20,"C̓"
2082/08/11,"R̓"
2082/09/21,"hV̓"
2082/09/22,"H̓"
2082/10/12,"̈̓"
2082/11/03,"̓"
2082/11/23,"ΘJӂ̓"
2082/12/23,"Vca"
2083/01/01,""
2083/02/11,"LO̓"
2083/03/20,"t̓"
2083/04/29,"a̓"
2083/05/03,"@LO"
2083/05/04,"݂ǂ̓"
2083/05/05,"ǂ̓"
2083/07/19,"C̓"
2083/08/11,"R̓"
2083/09/20,"hV̓"
2083/09/23,"H̓"
2083/10/11,"̈̓"
2083/11/03,"̓"
2083/11/23,"ΘJӂ̓"
2083/12/23,"Vca"
2084/01/01,""
2084/02/11,"LO̓"
2084/03/20,"t̓"
2084/04/29,"a̓"
2084/05/03,"@LO"
2084/05/04,"݂ǂ̓"
2084/05/05,"ǂ̓"
2084/07/17,"C̓"
2084/08/11,"R̓"
2084/09/18,"hV̓"
2084/09/22,"H̓"
2084/10/09,"̈̓"
2084/11/03,"̓"
2084/11/23,"ΘJӂ̓"
2084/12/23,"Vca"
2085/01/01,""
2085/02/11,"LO̓"
2085/02/12,"U֋x"
2085/03/20,"t̓"
2085/04/29,"a̓"
2085/04/30,"U֋x"
2085/05/03,"@LO"
2085/05/04,"݂ǂ̓"
2085/05/05,"ǂ̓"
2085/07/16,"C̓"
2085/08/11,"R̓"
2085/09/17,"hV̓"
2085/09/22,"H̓"
2085/10/08,"̈̓"
2085/11/03,"̓"
2085/11/23,"ΘJӂ̓"
2085/12/23,"Vca"
2085/12/24,"U֋x"
2086/01/01,""
2086/02/11,"LO̓"
2086/03/20,"t̓"
2086/04/29,"a̓"
2086/05/03,"@LO"
2086/05/04,"݂ǂ̓"
2086/05/05,"ǂ̓"
2086/05/06,"U֋x"
2086/07/15,"C̓"
2086/08/11,"R̓"
2086/08/12,"U֋x"
2086/09/16,"hV̓"
2086/09/22,"H̓"
2086/09/23,"U֋x"
2086/10/14,"̈̓"
2086/11/03,"̓"
2086/11/04,"U֋x"
2086/11/23,"ΘJӂ̓"
2086/12/23,"Vca"
2087/01/01,""
2087/02/11,"LO̓"
2087/03/20,"t̓"
2087/04/29,"a̓"
2087/05/03,"@LO"
2087/05/04,"݂ǂ̓"
2087/05/05,"ǂ̓"
2087/05/06,"U֋x"
2087/07/21,"C̓"
2087/08/11,"R̓"
2087/09/15,"hV̓"
2087/09/23,"H̓"
2087/10/13,"̈̓"
2087/11/03,"̓"
2087/11/23,"ΘJӂ̓"
2087/11/24,"U֋x"
2087/12/23,"Vca"
2088/01/01,""
2088/02/11,"LO̓"
2088/03/20,"t̓"
2088/04/29,"a̓"
2088/05/03,"@LO"
2088/05/04,"݂ǂ̓"
2088/05/05,"ǂ̓"
2088/07/19,"C̓"
2088/08/11,"R̓"
2088/09/20,"hV̓"
2088/09/21,"̋x"
2088/09/22,"H̓"
2088/10/11,"̈̓"
2088/11/03,"̓"
2088/11/23,"ΘJӂ̓"
2088/12/23,"Vca"
2089/01/01,""
2089/02/11,"LO̓"
2089/03/20,"t̓"
2089/03/21,"U֋x"
2089/04/29,"a̓"
2089/05/03,"@LO"
2089/05/04,"݂ǂ̓"
2089/05/05,"ǂ̓"
2089/07/18,"C̓"
2089/08/11,"R̓"
2089/09/19,"hV̓"
2089/09/22,"H̓"
2089/10/10,"̈̓"
2089/11/03,"̓"
2089/11/23,"ΘJӂ̓"
2089/12/23,"Vca"
2090/01/01,""
2090/01/02,"U֋x"
2090/02/11,"LO̓"
2090/03/20,"t̓"
2090/04/29,"a̓"
2090/05/03,"@LO"
2090/05/04,"݂ǂ̓"
2090/05/05,"ǂ̓"
2090/07/17,"C̓"
2090/08/11,"R̓"
2090/09/18,"hV̓"
2090/09/22,"H̓"
2090/10/09,"̈̓"
2090/11/03,"̓"
2090/11/23,"ΘJӂ̓"
2090/12/23,"Vca"
2091/01/01,""
2091/02/11,"LO̓"
2091/02/12,"U֋x"
2091/03/20,"t̓"
2091/04/29,"a̓"
2091/04/30,"U֋x"
2091/05/03,"@LO"
2091/05/04,"݂ǂ̓"
2091/05/05,"ǂ̓"
2091/07/16,"C̓"
2091/08/11,"R̓"
2091/09/17,"hV̓"
2091/09/23,"H̓"
2091/09/24,"U֋x"
2091/10/08,"̈̓"
2091/11/03,"̓"
2091/11/23,"ΘJӂ̓"
2091/12/23,"Vca"
2091/12/24,"U֋x"
2092/01/01,""
2092/02/11,"LO̓"
2092/03/19,"t̓"
2092/04/29,"a̓"
2092/05/03,"@LO"
2092/05/04,"݂ǂ̓"
2092/05/05,"ǂ̓"
2092/05/06,"U֋x"
2092/07/21,"C̓"
2092/08/11,"R̓"
2092/09/15,"hV̓"
2092/09/22,"H̓"
2092/10/13,"̈̓"
2092/11/03,"̓"
2092/11/23,"ΘJӂ̓"
2092/11/24,"U֋x"
2092/12/23,"Vca"
2093/01/01,""
2093/02/11,"LO̓"
2093/03/20,"t̓"
2093/04/29,"a̓"
2093/05/03,"@LO"
2093/05/04,"݂ǂ̓"
2093/05/05,"ǂ̓"
2093/05/06,"U֋x"
2093/07/20,"C̓"
2093/08/11,"R̓"
2093/09/21,"hV̓"
2093/09/22,"H̓"
2093/10/12,"̈̓"
2093/11/03,"̓"
2093/11/23,"ΘJӂ̓"
2093/12/23,"Vca"
2094/01/01,""
2094/02/11,"LO̓"
2094/03/20,"t̓"
2094/04/29,"a̓"
2094/05/03,"@LO"
2094/05/04,"݂ǂ̓"
2094/05/05,"ǂ̓"
2094/07/19,"C̓"
2094/08/11,"R̓"
2094/09/20,"hV̓"
2094/09/21,"̋x"
2094/09/22,"H̓"
2094/10/11,"̈̓"
2094/11/03,"̓"
2094/11/23,"ΘJӂ̓"
2094/12/23,"Vca"
2095/01/01,""
2095/02/11,"LO̓"
2095/03/20,"t̓"
2095/03/21,"U֋x"
2095/04/29,"a̓"
2095/05/03,"@LO"
2095/05/04,"݂ǂ̓"
2095/05/05,"ǂ̓"
2095/07/18,"C̓"
2095/08/11,"R̓"
2095/09/19,"hV̓"
2095/09/23,"H̓"
2095/10/10,"̈̓"
2095/11/03,"̓"
2095/11/23,"ΘJӂ̓"
2095/12/23,"Vca"
2096/01/01,""
2096/01/02,"U֋x"
2096/02/11,"LO̓"
2096/03/19,"t̓"
2096/04/29,"a̓"
2096/04/30,"U֋x"
2096/05/03,"@LO"
2096/05/04,"݂ǂ̓"
2096/05/05,"ǂ̓"
2096/07/16,"C̓"
2096/08/11,"R̓"
2096/09/17,"hV̓"
2096/09/22,"H̓"
2096/10/08,"̈̓"
2096/11/03,"̓"
2096/11/23,"ΘJӂ̓"
2096/12/23,"Vca"
2096/12/24,"U֋x"
2097/01/01,""
2097/02/11,"LO̓"
2097/03/20,"t̓"
2097/04/29,"a̓"
2097/05/03,"@LO"
2097/05/04,"݂ǂ̓"
2097/05/05,"ǂ̓"
2097/05/06,"U֋x"
2097/07/15,"C̓"
2097/08/11,"R̓"
2097/08/12,"U֋x"
2097/09/16,"hV̓"
2097/09/22,"H̓"
2097/09/23,"U֋x"
2097/10/14,"̈̓"
2097/11/03,"̓"
2097/11/04,"U֋x"
2097/11/23,"ΘJӂ̓"
2097/12/23,"Vca"
2098/01/01,""
2098/02/11,"LO̓"
2098/03/20,"t̓"
2098/04/29,"a̓"
2098/05/03,"@LO"
2098/05/04,"݂ǂ̓"
2098/05/05,"ǂ̓"
2098/05/06,"U֋x"
2098/07/21,"C̓"
2098/08/11,"R̓"
2098/09/15,"hV̓"
2098/09/22,"H̓"
2098/10/13,"̈̓"
2098/11/03,"̓"
2098/11/23,"ΘJӂ̓"
2098/11/24,"U֋x"
2098/12/23,"Vca"
2099/01/01,""
2099/02/11,"LO̓"
2099/03/20,"t̓"
2099/04/29,"a̓"
2099/05/03,"@LO"
2099/05/04,"݂ǂ̓"
2099/05/05,"ǂ̓"
2099/05/06,"U֋x"
2099/07/20,"C̓"
2099/08/11,"R̓"
2099/09/21,"hV̓"
2099/09/22,"̋x"
2099/09/23,"H̓"
2099/10/12,"̈̓"
2099/11/03,"̓"
2099/11/23,"ΘJӂ̓"
2099/12/23,"Vca"
